#,Product Description,Invoice No,Credit Card No,Date/Time,Settlement Date/Time,Transaction Cur,Transaction Amount,Total Amount(THB),MDR(THB),Trans Fees(THB),VAT(THB),EWT(THB),Net Amount(THB),Status,Approval Code,IPP,Interest Rate,Installment Period,Interest Paid By,Interest Per Month,Full Interest,Card Issuer,User Defined 1,User Defined 2,User Defined 3,User Defined 4,User Defined 5,Payment Channel,Tax Invoice Date,Tax Invoice No.,PGW Res Code,PGW Res Description,Transaction ID
1,,1615447030958,NA,2021/03/19 16:38:17,,THB,10.00,10.00,0.00,0.00,0.00,0.00,10.00,Refund,,N,-,-,-,-,-,,PAY210311141700741,,,,,LINE,,,,,3654250
2,,1615516684583,477376XXXXXX0006,2021/03/19 16:08:38,,THB,100.00,100.00,0.00,0.00,0.00,0.00,100.00,Refund,1909083856,N,-,-,-,-,-,THE SIAM COMMERCIAL BANK PUBLIC COMPANY LTD.,PAY210312093723894,,,,,Visa,,,,,3654114
3,none,1616144416922,411111XXXXXX1111,2021/03/19 16:00:29,,THB,150.00,150.00,1.80,0.00,0.12,0.00,148.07,Approved,089432,N,-,-,-,-,-,BANK,PAY210319155956411,,,,,Visa,,,00,Approved,3654077
4,none,1616144314597,NA,2021/03/19 15:59:05,,THB,20.00,20.00,0.50,0.00,0.03,0.00,19.46,Approved,466729,N,-,-,-,-,-,,PAY210319155829305,,,,,LINE,,,00,Approved,3654071
5,none,1616138677126,NA,2021/03/19 14:25:01,,THB,25.00,25.00,0.62,0.00,0.04,0.00,24.33,Approved,466354,N,-,-,-,-,-,,PAY210319142413610,,,,,LINE,,,00,Approved,3653648
6,none,1616138394680,NA,2021/03/19 14:20:20,,THB,20.00,20.00,0.50,0.00,0.03,0.00,19.46,Approved,466342,N,-,-,-,-,-,,PAY210319141950378,,,,,LINE,,,00,Approved,3653628
7,none,1616138318946,477376XXXXXX0006,2021/03/19 14:19:07,,THB,"3,100.00","3,100.00",55.80,0.00,8.78,0.00,"2,965.66",Approved,150192,Y,0.75,3,Merchant,23.25,69.75,THE SIAM COMMERCIAL BANK PUBLIC COMPANY LTD.,PAY210319141820988,,,,,Visa,,,00,Approved,3653622
8,none,1616138129580,477376XXXXXX0006,2021/03/19 14:15:45,,THB,"3,100.00","3,100.00",55.80,0.00,8.78,0.00,"2,965.66",Approved,673288,Y,0.75,3,Merchant,23.25,69.75,THE SIAM COMMERCIAL BANK PUBLIC COMPANY LTD.,PAY210319141500727,,,,,Visa,,,00,Approved,3653607
9,none,1616137851560,411111XXXXXX1111,2021/03/19 14:11:02,,THB,150.00,150.00,1.80,0.00,0.12,0.00,148.07,Approved,319594,N,-,-,-,-,-,BANK,PAY210319141037542,,,,,Visa,,,00,Approved,3653588
10,none,1616137697529,411111XXXXXX1111,2021/03/19 14:08:30,,THB,83.00,83.00,0.99,0.00,0.06,0.00,81.93,Approved,684960,N,-,-,-,-,-,BANK,PAY210319140758316,,,,,Visa,,,00,Approved,3653578
11,,1615543642348,411111XXXXXX1111,2021/03/19 12:11:25,,THB,150.00,150.00,0.00,0.00,0.00,0.00,150.00,Refund,1905112526,N,-,-,-,-,-,BANK,PAY210312170659763,,,,,Visa,,,,,3653245
12,none,1616130331466,411111XXXXXX1111,2021/03/19 12:05:40,2021/03/19 12:06:24,THB,100.00,-,-,-,-,-,-,Voided,964763,N,-,-,-,-,-,BANK,PAY210319120517693,,,,,Visa,,,00,Approved,3653217
13,none,1616128419055,411111XXXXXX1111,2021/03/19 11:33:52,,THB,"3,100.00","3,100.00",37.20,0.00,2.60,0.00,"3,060.19",Approved,269053,N,-,-,-,-,-,BANK,PAY210319112804188,,,,,Visa,,,00,Approved,3653110
14,none,1616124419158,411111XXXXXX1111,2021/03/19 10:27:24,,THB,"2,000.00","2,000.00",24.00,0.00,1.68,0.00,"1,974.32",Approved,599829,N,-,-,-,-,-,BANK,PAY210319102639602,,,,,Visa,,,00,Approved,3652890
15,none,1616123860572,411111XXXXXX1111,2021/03/19 10:17:50,,THB,100.00,100.00,1.20,0.00,0.08,0.00,98.71,Approved,747567,N,-,-,-,-,-,BANK,PAY210319101730548,,,,,Visa,,,00,Approved,3652849
16,none,1616122440848,NA,2021/03/19 09:54:48,,THB,20.00,20.00,0.50,0.00,0.03,0.00,19.46,Approved,465621,N,-,-,-,-,-,,PAY210319095356315,,,,,LINE,,,00,Approved,3652775
17,none,1616122433071,477376XXXXXX0006,2021/03/19 09:54:03,,THB,"3,100.00","3,100.00",55.80,0.00,8.78,0.00,"2,965.66",Approved,562936,Y,0.75,3,Merchant,23.25,69.75,THE SIAM COMMERCIAL BANK PUBLIC COMPANY LTD.,PAY210319095332140,,,,,Visa,,,00,Approved,3652774
18,none,1616122345978,411111XXXXXX1111,2021/03/19 09:52:37,,THB,85.00,85.00,1.02,0.00,0.07,0.00,83.90,Approved,805227,N,-,-,-,-,-,BANK,PAY210319095209655,,,,,Visa,,,00,Approved,3652767
19,none,1616066104578,477376XXXXXX0006,2021/03/18 18:15:12,2021/03/18 18:15:12,THB,"3,100.00","3,100.00",55.80,0.00,8.78,0.00,"2,965.66",Settled,155708,Y,0.75,3,Merchant,23.25,69.75,THE SIAM COMMERCIAL BANK PUBLIC COMPANY LTD.,PAY210318181444651,,,,,Visa,,,00,Approved,3651556
20,none,1616066012532,411111XXXXXX1111,2021/03/18 18:13:41,2021/03/18 18:13:41,THB,100.00,100.00,1.20,0.00,0.08,0.00,98.71,Settled,483099,N,-,-,-,-,-,BANK,PAY210318181321838,,,,,Visa,,,00,Approved,3651548
21,none,1616064658311,411111XXXXXX1111,2021/03/18 17:51:07,2021/03/18 17:51:07,THB,150.00,150.00,1.80,0.00,0.12,0.00,148.07,Settled,414152,N,-,-,-,-,-,BANK,PAY210318175043820,,,,,Visa,,,00,Approved,3651456
22,none,1616064525521,411111XXXXXX1111,2021/03/18 17:48:55,2021/03/18 17:48:55,THB,100.00,100.00,1.20,0.00,0.08,0.00,98.71,Settled,200122,N,-,-,-,-,-,BANK,PAY210318174834646,,,,,Visa,,,00,Approved,3651446
23,none,1616064330901,411111XXXXXX1111,2021/03/18 17:45:41,2021/03/18 17:45:41,THB,"3,000.00","3,000.00",36.00,0.00,2.52,0.00,"2,961.48",Settled,585622,N,-,-,-,-,-,BANK,PAY210318174457352,,,,,Visa,,,00,Approved,3651437
24,,1615977161756,477376XXXXXX0006,2021/03/18 17:42:21,,THB,"10,000.00","10,000.00",0.00,0.00,0.00,0.00,"10,000.00",Refund,,N,-,-,-,-,-,THE SIAM COMMERCIAL BANK PUBLIC COMPANY LTD.,PAY210317173136199,,,,,Visa,,,,,3651426
25,none,1616062529119,411111XXXXXX1111,2021/03/18 17:15:39,2021/03/18 17:15:39,THB,150.00,150.00,1.80,0.00,0.12,0.00,148.07,Settled,409633,N,-,-,-,-,-,BANK,PAY210318171415872,,,,,Visa,,,00,Approved,3651328
26,none,1616058263821,411111XXXXXX1111,2021/03/18 16:04:36,2021/03/18 16:04:36,THB,"1,000.00","1,000.00",12.00,0.00,0.84,0.00,987.16,Settled,220858,N,-,-,-,-,-,BANK,PAY210318160254894,,,,,Visa,,,00,Approved,3651054
27,none,1616056058934,411111XXXXXX1111,2021/03/18 15:27:46,2021/03/18 15:27:46,THB,150.00,150.00,1.80,0.00,0.12,0.00,148.07,Settled,611225,N,-,-,-,-,-,BANK,PAY210318152711322,,,,,Visa,,,00,Approved,3650891
28,none,1616054764239,411111XXXXXX1111,2021/03/18 15:06:12,2021/03/18 15:06:12,THB,"3,000.00","3,000.00",36.00,0.00,2.52,0.00,"2,961.48",Settled,988560,N,-,-,-,-,-,BANK,PAY210318150523306,,,,,Visa,,,00,Approved,3650791
29,none,1615991197248,411111XXXXXX1111,2021/03/17 21:26:47,2021/03/17 21:26:47,THB,120.00,120.00,1.44,0.00,0.10,0.00,118.45,Settled,694545,N,-,-,-,-,-,BANK,PAY210317212539308,,,,,Visa,,,00,Approved,3648763
30,none,1615978450022,NA,2021/03/17 17:54:27,2021/03/17 17:54:27,THB,15.00,15.00,0.37,0.00,0.02,0.00,14.59,Settled,461989,N,-,-,-,-,-,,PAY210317175400999,,,,,LINE,,,00,Approved,3648269
31,none,1615978363493,477376XXXXXX0006,2021/03/17 17:53:01,2021/03/17 17:53:01,THB,"3,500.00","3,500.00",63.00,0.00,9.92,0.00,"3,348.32",Settled,133141,Y,0.75,3,Merchant,26.25,78.75,THE SIAM COMMERCIAL BANK PUBLIC COMPANY LTD.,PAY210317175201731,,,,,Visa,,,00,Approved,3648265
32,none,1615978265164,411111XXXXXX1111,2021/03/17 17:51:13,2021/03/17 17:51:13,THB,100.00,100.00,1.20,0.00,0.08,0.00,98.71,Settled,816246,N,-,-,-,-,-,BANK,PAY210317175053238,,,,,Visa,,,00,Approved,3648254
33,none,1615978181238,NA,2021/03/17 17:50:09,2021/03/17 17:50:09,THB,20.00,20.00,0.50,0.00,0.03,0.00,19.46,Settled,461973,N,-,-,-,-,-,,PAY210317174928317,,,,,LINE,,,00,Approved,3648250
34,none,1615978120292,477376XXXXXX0006,2021/03/17 17:48:51,2021/03/17 17:48:51,THB,"3,100.00","3,100.00",55.80,0.00,8.78,0.00,"2,965.66",Settled,318842,Y,0.75,3,Merchant,23.25,69.75,THE SIAM COMMERCIAL BANK PUBLIC COMPANY LTD.,PAY210317174818192,,,,,Visa,,,00,Approved,3648245
35,none,1615978077159,477376XXXXXX0006,2021/03/17 17:48:21,2021/03/17 17:48:21,THB,"20,000.00","20,000.00",360.00,0.00,56.70,0.00,"19,133.30",Settled,897252,Y,0.75,3,Merchant,150.00,450.00,THE SIAM COMMERCIAL BANK PUBLIC COMPANY LTD.,PAY210317174557162,,,,,Visa,,,00,Approved,3648243
36,none,1615978039990,NA,2021/03/17 17:47:45,2021/03/17 17:47:45,THB,120.00,120.00,3.00,0.00,0.21,0.00,116.79,Settled,461965,N,-,-,-,-,-,,PAY210317174641456,,,,,LINE,,,00,Approved,3648241
37,none,1615977930247,411111XXXXXX1111,2021/03/17 17:46:45,2021/03/17 17:46:45,THB,"3,000.00","3,000.00",36.00,0.00,2.52,0.00,"2,961.48",Settled,636829,N,-,-,-,-,-,BANK,PAY210317174514622,,,,,Visa,,,00,Approved,3648233
38,none,1615977863111,411111XXXXXX1111,2021/03/17 17:44:31,2021/03/17 17:44:31,THB,150.00,150.00,1.80,0.00,0.12,0.00,148.07,Settled,594064,N,-,-,-,-,-,BANK,PAY210317174411787,,,,,Visa,,,00,Approved,3648225
39,none,1615977228331,NA,2021/03/17 17:34:27,2021/03/17 17:34:27,THB,20.00,20.00,0.50,0.00,0.03,0.00,19.46,Settled,461903,N,-,-,-,-,-,,PAY210317173344135,,,,,LINE,,,00,Approved,3648167
40,none,1615977161756,477376XXXXXX0006,2021/03/17 17:33:05,2021/03/17 17:33:05,THB,"10,000.00","10,000.00",180.00,0.00,28.35,0.00,"9,566.65",Settled,718402,Y,0.75,3,Merchant,75.00,225.00,THE SIAM COMMERCIAL BANK PUBLIC COMPANY LTD.,PAY210317173136199,,,,,Visa,,,00,Approved,3648162
41,none,1615977023258,411111XXXXXX1111,2021/03/17 17:30:33,2021/03/17 17:30:33,THB,"1,000.00","1,000.00",12.00,0.00,0.84,0.00,987.16,Settled,955015,N,-,-,-,-,-,BANK,PAY210317172956988,,,,,Visa,,,00,Approved,3648158
42,none,1615887164707,411111XXXXXX1111,2021/03/16 16:32:56,2021/03/16 16:32:56,THB,150.00,150.00,1.80,0.00,0.12,0.00,148.07,Settled,878814,N,-,-,-,-,-,BANK,PAY210316163154284,,,,,Visa,,,00,Approved,3644826
43,none,1615884692750,411111XXXXXX1111,2021/03/16 15:51:45,2021/03/16 15:51:45,THB,50.00,50.00,0.60,0.00,0.04,0.00,49.35,Settled,669858,N,-,-,-,-,-,BANK,PAY210316155115561,,,,,Visa,,,00,Approved,3644670
44,none,1615883696239,411111XXXXXX1111,2021/03/16 15:35:07,2021/03/16 15:35:46,THB,100.00,-,-,-,-,-,-,Voided,185758,N,-,-,-,-,-,BANK,PAY210316152116540,,,,,Visa,,,00,Approved,3644597
45,none,1615882029842,444433XXXXXX1111,2021/03/16 15:07:11,,THB,"1,000.00",-,-,-,-,-,-,Rejected,,N,-,-,-,-,-,Japan Credit Bureau,PAY210316150615788,,,,,Visa,,,05,Do Not Honour,3644436
46,none,1615880968863,411111XXXXXX1111,2021/03/16 14:49:37,2021/03/16 14:49:37,THB,77.00,77.00,0.92,0.00,0.06,0.00,76.01,Settled,687165,N,-,-,-,-,-,BANK,PAY210316144918110,,,,,Visa,,,00,Approved,3644342
47,none,1615880921878,411111XXXXXX1111,2021/03/16 14:48:51,2021/03/16 14:48:51,THB,100.00,100.00,1.20,0.00,0.08,0.00,98.71,Settled,983398,N,-,-,-,-,-,BANK,PAY210316144829906,,,,,Visa,,,00,Approved,3644337
48,none,1615879755520,444433XXXXXX1111,2021/03/16 14:29:17,,THB,"1,000.00",-,-,-,-,-,-,Rejected,,N,-,-,-,-,-,Japan Credit Bureau,PAY210316142427179,,,,,Visa,,,05,Do Not Honour,3644230
49,none,1615879379250,477376XXXXXX0006,2021/03/16 14:23:09,2021/03/16 14:23:09,THB,"3,100.00","3,100.00",55.80,0.00,8.78,0.00,"2,965.66",Settled,601919,Y,0.75,3,Merchant,23.25,69.75,THE SIAM COMMERCIAL BANK PUBLIC COMPANY LTD.,PAY210316142235476,,,,,Visa,,,00,Approved,3644198
50,none,1615879267416,NA,2021/03/16 14:21:31,2021/03/16 14:21:31,THB,20.00,20.00,0.50,0.00,0.03,0.00,19.46,Settled,458692,N,-,-,-,-,-,,PAY210316142056987,,,,,LINE,,,00,Approved,3644189
51,none,1615879161239,411111XXXXXX1111,2021/03/16 14:19:31,2021/03/16 14:19:31,THB,90.00,90.00,1.08,0.00,0.07,0.00,88.84,Settled,787196,N,-,-,-,-,-,BANK,PAY210316141907943,,,,,Visa,,,00,Approved,3644179
52,none,1615735727720,455287XXXXXX0018,2021/03/14 22:28:57,2021/03/14 22:28:57,THB,600.00,600.00,7.20,0.00,0.50,0.00,592.29,Settled,131337,N,-,-,-,-,-,BANK OF AYUDHYA PUBLIC COMPANY LTD.,PAY210217133046623,,,,,Visa,,,00,Approved,3639992
53,none,1615546148094,411111XXXXXX1111,2021/03/12 17:49:25,2021/03/12 17:49:25,THB,400.00,400.00,4.80,0.00,0.33,0.00,394.86,Settled,335842,N,-,-,-,-,-,BANK,PAY210312174758999,,,,,Visa,,,00,Approved,3637650
54,none,1615543642348,411111XXXXXX1111,2021/03/12 17:07:30,2021/03/12 17:07:30,THB,150.00,150.00,1.80,0.00,0.12,0.00,148.07,Settled,447037,N,-,-,-,-,-,BANK,PAY210312170659763,,,,,Visa,,,00,Approved,3637515
55,none,1615541666071,477376XXXXXX0006,2021/03/12 16:34:39,2021/03/12 16:34:39,THB,"14,000.00","14,000.00",252.00,0.00,39.69,0.00,"13,393.31",Settled,281124,Y,0.75,3,Merchant,105.00,315.00,THE SIAM COMMERCIAL BANK PUBLIC COMPANY LTD.,PAY210312163304210,,,,,Visa,,,00,Approved,3637389
56,none,1615541519797,477376XXXXXX0006,2021/03/12 16:32:09,2021/03/12 16:32:09,THB,"34,000.00","34,000.00",612.00,0.00,96.39,0.00,"32,526.61",Settled,844898,Y,0.75,3,Merchant,255.00,765.00,THE SIAM COMMERCIAL BANK PUBLIC COMPANY LTD.,PAY210312163140528,,,,,Visa,,,00,Approved,3637379
57,none,1615539998074,477376XXXXXX0006,2021/03/12 16:06:48,2021/03/12 16:06:48,THB,"3,100.00","3,100.00",55.80,0.00,8.78,0.00,"2,965.66",Settled,374805,Y,0.75,3,Merchant,23.25,69.75,THE SIAM COMMERCIAL BANK PUBLIC COMPANY LTD.,PAY210312160609873,,,,,Visa,,,00,Approved,3637216
58,none,1615539847352,411111XXXXXX1111,2021/03/12 16:04:16,2021/03/12 16:04:16,THB,100.00,100.00,1.20,0.00,0.08,0.00,98.71,Settled,179579,N,-,-,-,-,-,BANK,PAY210312160349578,,,,,Visa,,,00,Approved,3637195
59,none,1615539706864,411111XXXXXX1111,2021/03/12 16:02:01,2021/03/12 16:02:01,THB,100.00,100.00,1.20,0.00,0.08,0.00,98.71,Settled,544655,N,-,-,-,-,-,BANK,PAY210312160119683,,,,,Visa,,,00,Approved,3637186
60,none,1615536187505,411111XXXXXX1111,2021/03/12 15:03:20,2021/03/12 15:03:20,THB,150.00,150.00,1.80,0.00,0.12,0.00,148.07,Settled,417248,N,-,-,-,-,-,BANK,PAY210312150247425,,,,,Visa,,,00,Approved,3636946
61,none,1615535923410,NA,2021/03/12 14:59:42,2021/03/12 14:59:42,THB,2.00,2.00,0.05,0.00,0.00,0.00,1.94,Settled,452441,N,-,-,-,-,-,,PAY210312145832225,,,,,LINE,,,00,Approved,3636921
62,none,1615535833178,477376XXXXXX0006,2021/03/12 14:57:22,2021/03/12 14:57:22,THB,"10,000.00","10,000.00",180.00,0.00,28.35,0.00,"9,566.65",Settled,944722,Y,0.75,3,Merchant,75.00,225.00,THE SIAM COMMERCIAL BANK PUBLIC COMPANY LTD.,PAY210312145627930,,,,,Visa,,,00,Approved,3636915
63,none,1615532960176,411111XXXXXX1111,2021/03/12 14:09:38,2021/03/12 14:09:38,THB,"2,800.00","2,800.00",33.60,0.00,2.35,0.00,"2,764.04",Settled,330253,N,-,-,-,-,-,BANK,PAY210312140841444,,,,,Visa,,,00,Approved,3636702
64,none,1615531864364,411111XXXXXX1111,2021/03/12 13:51:13,2021/03/12 13:51:13,THB,150.00,150.00,1.80,0.00,0.12,0.00,148.07,Settled,016741,N,-,-,-,-,-,BANK,PAY210312135046385,,,,,Visa,,,00,Approved,3636647
65,none,1615531542943,411111XXXXXX1111,2021/03/12 13:45:52,2021/03/12 13:45:52,THB,150.00,150.00,1.80,0.00,0.12,0.00,148.07,Settled,221958,N,-,-,-,-,-,BANK,PAY210312134533736,,,,,Visa,,,00,Approved,3636632
66,none,1615530683504,NA,2021/03/12 13:31:45,2021/03/12 13:31:45,THB,100.00,100.00,2.50,0.00,0.17,0.00,97.32,Settled,452176,N,-,-,-,-,-,,PAY210312112523829,,,,,LINE,,,00,Approved,3636587
67,none,1615526142348,455287XXXXXX0018,2021/03/12 12:15:52,2021/03/12 12:15:52,THB,100.00,100.00,1.20,0.00,0.08,0.00,98.71,Settled,082200,N,-,-,-,-,-,BANK OF AYUDHYA PUBLIC COMPANY LTD.,PAY210312114140636,,,,,Visa,,,00,Approved,3636359
68,none,1615526096118,477376XXXXXX0006,2021/03/12 12:15:05,2021/03/12 16:01:13,THB,100.00,-,-,-,-,-,-,Voided,817838,N,-,-,-,-,-,THE SIAM COMMERCIAL BANK PUBLIC COMPANY LTD.,PAY210312115940452,,,,,Visa,,,00,Approved,3636358
69,none,1615526032123,439137XXXXXX0006,2021/03/12 12:14:01,2021/03/12 12:14:01,THB,100.00,100.00,1.20,0.00,0.08,0.00,98.71,Settled,037948,N,-,-,-,-,-,KRUNGTHAI CARD PUBLIC COMPANY LTD.,PAY210312120008784,,,,,Visa,,,00,Approved,3636354
70,none,1615525973405,455596XXXXXX0006,2021/03/12 12:13:02,2021/03/12 12:13:02,THB,100.00,100.00,1.20,0.00,0.08,0.00,98.71,Settled,368139,N,-,-,-,-,-,CITIBANK N.A.,PAY210312120043383,,,,,Visa,,,00,Approved,3636351
71,none,1615525894578,454623XXXXXX0006,2021/03/12 12:11:45,2021/03/12 12:11:45,THB,100.00,100.00,1.20,0.00,0.08,0.00,98.71,Settled,277650,N,-,-,-,-,-,BANGKOK BANK PUBLIC COMPANY LTD.,PAY210312120206135,,,,,Visa,,,00,Approved,3636347
72,,1614229758886,477376XXXXXX0006,2021/03/12 11:35:18,,THB,"1,000.00","1,000.00",0.00,0.00,0.00,0.00,"1,000.00",Refund,1204351854,N,-,-,-,-,-,THE SIAM COMMERCIAL BANK PUBLIC COMPANY LTD.,PAY210225120855829,,,,,Visa,,,,,3636243
73,none,1615517636863,NA,2021/03/12 09:54:31,2021/03/12 09:55:48,THB,95.00,-,-,-,-,-,-,Voided,451640,N,-,-,-,-,-,,PAY210312095339462,,,,,LINE,,,00,Approved,3635924
74,none,1615517559184,477376XXXXXX0006,2021/03/12 09:52:47,2021/03/12 09:55:37,THB,"3,001.00",-,-,-,-,-,-,Voided,261668,Y,0.75,3,Merchant,22.51,67.52,THE SIAM COMMERCIAL BANK PUBLIC COMPANY LTD.,PAY210312095218453,,,,,Visa,,,00,Approved,3635919
75,none,1615517475203,411111XXXXXX1111,2021/03/12 09:51:24,2021/03/12 09:55:20,THB,100.00,-,-,-,-,-,-,Voided,740457,N,-,-,-,-,-,BANK,PAY210312095053147,,,,,Visa,,,00,Approved,3635914
76,none,1615516684583,477376XXXXXX0006,2021/03/12 09:38:14,2021/03/12 09:38:14,THB,100.00,100.00,1.20,0.00,0.08,0.00,98.71,Settled,864118,N,-,-,-,-,-,THE SIAM COMMERCIAL BANK PUBLIC COMPANY LTD.,PAY210312093723894,,,,,Visa,,,00,Approved,3635873
77,none,1615516595417,555555XXXXXX4444,2021/03/12 09:36:46,2021/03/12 09:36:46,THB,90.00,90.00,1.08,0.00,0.07,0.00,88.84,Settled,236127,N,-,-,-,-,-,KTC,PAY210312093528837,,,,,MasterCard,,,00,Approved,3635868
78,none,1615514539382,411111XXXXXX1111,2021/03/12 09:02:36,2021/03/12 16:02:20,THB,100.00,-,-,-,-,-,-,Voided,471547,N,-,-,-,-,-,BANK,PAY210312090036631,,,,,Visa,,,00,Approved,3635808
79,none,1615448339166,NA,2021/03/11 14:39:16,2021/03/11 14:39:16,THB,15.00,15.00,0.37,0.00,0.02,0.00,14.59,Settled,449947,N,-,-,-,-,-,,PAY210311143848865,,,,,LINE,,,00,Approved,3633922
80,none,1615448264420,477376XXXXXX0006,2021/03/11 14:37:58,2021/03/11 14:37:58,THB,"3,500.00","3,500.00",63.00,0.00,9.92,0.00,"3,348.32",Settled,786706,Y,0.75,3,Merchant,26.25,78.75,THE SIAM COMMERCIAL BANK PUBLIC COMPANY LTD.,PAY210311143639750,,,,,Visa,,,00,Approved,3633918
81,none,1615447941994,411111XXXXXX1111,2021/03/11 14:32:35,2021/03/11 14:32:35,THB,100.00,100.00,1.20,0.00,0.08,0.00,98.71,Settled,090078,N,-,-,-,-,-,BANK,PAY210311143144210,,,,,Visa,,,00,Approved,3633901
82,none,1615447698849,411111XXXXXX1111,2021/03/11 14:28:29,2021/03/11 14:28:29,THB,100.00,100.00,1.20,0.00,0.08,0.00,98.71,Settled,769706,N,-,-,-,-,-,BANK,PAY210311142755842,,,,,Visa,,,00,Approved,3633879
83,none,1615447030958,NA,2021/03/11 14:17:43,2021/03/11 14:17:43,THB,10.00,10.00,0.25,0.00,0.01,0.00,9.73,Settled,449879,N,-,-,-,-,-,,PAY210311141700741,,,,,LINE,,,00,Approved,3633843
84,none,1615447022994,NA,2021/03/11 14:17:24,2021/03/11 14:17:24,THB,10.00,10.00,0.25,0.00,0.01,0.00,9.73,Settled,449878,N,-,-,-,-,-,,PAY210311141650540,,,,,LINE,,,00,Approved,3633842
85,none,1615446967770,477376XXXXXX0006,2021/03/11 14:16:17,2021/03/11 14:16:17,THB,"3,500.00","3,500.00",63.00,0.00,9.92,0.00,"3,348.32",Settled,761661,Y,0.75,3,Merchant,26.25,78.75,THE SIAM COMMERCIAL BANK PUBLIC COMPANY LTD.,PAY210311141537204,,,,,Visa,,,00,Approved,3633839
86,none,1615446884119,411111XXXXXX1111,2021/03/11 14:14:51,2021/03/11 14:14:51,THB,150.00,150.00,1.80,0.00,0.12,0.00,148.07,Settled,857726,N,-,-,-,-,-,BANK,PAY210311141416842,,,,,Visa,,,00,Approved,3633836
87,none,1615446865688,411111XXXXXX1111,2021/03/11 14:14:43,2021/03/11 14:14:43,THB,100.00,100.00,1.20,0.00,0.08,0.00,98.71,Settled,242847,N,-,-,-,-,-,BANK,PAY210311141406379,,,,,Visa,,,00,Approved,3633830
88,none,1615436974484,477376XXXXXX0006,2021/03/11 11:29:43,2021/03/11 11:44:10,THB,90.00,-,-,-,-,-,-,Voided,678830,N,-,-,-,-,-,THE SIAM COMMERCIAL BANK PUBLIC COMPANY LTD.,PAY210311112856952,,,,,Visa,,,00,Approved,3633282
89,none,1615435827835,455287XXXXXX0018,2021/03/11 11:10:37,2021/03/11 12:43:22,THB,90.00,-,-,-,-,-,-,Voided,318943,N,-,-,-,-,-,BANK OF AYUDHYA PUBLIC COMPANY LTD.,PAY210311104215912,,,,,Visa,,,00,Approved,3633232
90,none,1615434658963,455287XXXXXX0018,2021/03/11 10:51:10,2021/03/11 10:51:10,THB,90.00,90.00,1.08,0.00,0.07,0.00,88.84,Settled,197197,N,-,-,-,-,-,BANK OF AYUDHYA PUBLIC COMPANY LTD.,PAY210311104243681,,,,,Visa,,,00,Approved,3633181
91,none,1615432644098,444433XXXXXX1111,2021/03/11 10:17:26,,THB,150.00,-,-,-,-,-,-,Rejected,,N,-,-,-,-,-,Japan Credit Bureau,PAY210311101632898,,,,,Visa,,,05,Do Not Honour,3633092
92,none,1615432233703,477376XXXXXX0006,2021/03/11 10:10:43,2021/03/11 10:10:43,THB,90.00,90.00,1.08,0.00,0.07,0.00,88.84,Settled,274416,N,-,-,-,-,-,THE SIAM COMMERCIAL BANK PUBLIC COMPANY LTD.,PAY210311101018583,,,,,Visa,,,00,Approved,3633074
93,none,1615431940506,455596XXXXXX0006,2021/03/11 10:05:50,2021/03/11 10:05:50,THB,90.00,90.00,1.08,0.00,0.07,0.00,88.84,Settled,354956,N,-,-,-,-,-,CITIBANK N.A.,PAY210311100509874,,,,,Visa,,,00,Approved,3633036
94,none,1615431741543,555555XXXXXX4444,2021/03/11 10:02:33,2021/03/11 10:02:33,THB,90.00,90.00,1.08,0.00,0.07,0.00,88.84,Settled,214886,N,-,-,-,-,-,KTC,PAY210311100150629,,,,,MasterCard,,,00,Approved,3633016
95,none,1615431562487,NA,2021/03/11 09:59:56,2021/03/11 09:59:56,THB,10.00,10.00,0.25,0.00,0.01,0.00,9.73,Settled,449142,N,-,-,-,-,-,,PAY210311095847282,,,,,LINE,,,00,Approved,3633005
96,none,1615429475713,411111XXXXXX1111,2021/03/11 09:24:45,2021/03/11 09:24:45,THB,90.00,90.00,1.08,0.00,0.07,0.00,88.84,Settled,482832,N,-,-,-,-,-,BANK,PAY210311092336931,,,,,Visa,,,00,Approved,3632916
97,none,1615373253894,411111XXXXXX1111,2021/03/10 17:47:42,2021/03/10 17:47:42,THB,150.00,150.00,1.80,0.00,0.12,0.00,148.07,Settled,354328,N,-,-,-,-,-,BANK,PAY210310174707103,,,,,Visa,,,00,Approved,3631641
98,none,1615371841016,411111XXXXXX1111,2021/03/10 17:24:25,2021/03/10 17:24:25,THB,70.00,70.00,0.84,0.00,0.05,0.00,69.10,Settled,716736,N,-,-,-,-,-,BANK,PAY210310172343193,,,,,Visa,,,00,Approved,3631572
99,,1615188749801,477376XXXXXX0006,2021/03/10 17:23:32,,THB,"10,000.00","10,000.00",0.00,0.00,0.00,0.00,"10,000.00",Refund,,N,-,-,-,-,-,THE SIAM COMMERCIAL BANK PUBLIC COMPANY LTD.,PAY210308143206879,,,,,Visa,,,,,3631567
100,,1615188781124,NA,2021/03/10 17:23:00,,THB,2.00,2.00,0.00,0.00,0.00,0.00,2.00,Refund,,N,-,-,-,-,-,,PAY210308143256714,,,,,LINE,,,,,3631564
101,none,1615371667484,NA,2021/03/10 17:21:36,2021/03/10 17:21:36,THB,100.00,100.00,2.50,0.00,0.17,0.00,97.32,Settled,447907,N,-,-,-,-,-,,PAY210310172053209,,,,,LINE,,,00,Approved,3631558
102,none,1615371602076,477376XXXXXX0006,2021/03/10 17:20:22,2021/03/10 17:20:22,THB,"3,500.00","3,500.00",63.00,0.00,9.92,0.00,"3,348.32",Settled,479228,Y,0.75,3,Merchant,26.25,78.75,THE SIAM COMMERCIAL BANK PUBLIC COMPANY LTD.,PAY210310171943563,,,,,Visa,,,00,Approved,3631552
103,,1615279565312,477376XXXXXX0006,2021/03/10 17:18:28,,THB,"10,000.00","10,000.00",0.00,0.00,0.00,0.00,"10,000.00",Refund,,N,-,-,-,-,-,THE SIAM COMMERCIAL BANK PUBLIC COMPANY LTD.,PAY210309154547531,,,,,Visa,,,,,3631541
104,none,1615371472240,411111XXXXXX1111,2021/03/10 17:18:06,2021/03/10 17:18:06,THB,100.00,100.00,1.20,0.00,0.08,0.00,98.71,Settled,896643,N,-,-,-,-,-,BANK,PAY210310171732547,,,,,Visa,,,00,Approved,3631536
105,,1615279465443,477376XXXXXX0006,2021/03/10 16:01:24,,THB,"10,000.00","10,000.00",0.00,0.00,0.00,0.00,"10,000.00",Refund,,N,-,-,-,-,-,THE SIAM COMMERCIAL BANK PUBLIC COMPANY LTD.,PAY210309154400880,,,,,Visa,,,,,3631182
106,none,1615362654502,411111XXXXXX1111,2021/03/10 14:51:02,2021/03/10 14:51:02,THB,650.00,650.00,7.80,0.00,0.54,0.00,641.65,Settled,475377,N,-,-,-,-,-,BANK,PAY210310145022970,,,,,Visa,,,00,Approved,3630942
107,none,1615356541761,477376XXXXXX0006,2021/03/10 13:09:10,2021/03/10 14:26:01,THB,"10,000.00",-,-,-,-,-,-,Voided,065513,Y,0.70,10,Merchant,70.00,700.00,THE SIAM COMMERCIAL BANK PUBLIC COMPANY LTD.,PAY210310130830561,,,,,Visa,,,00,Approved,3630493
108,none,1615345395016,411111XXXXXX1111,2021/03/10 10:03:23,2021/03/10 10:03:23,THB,600.00,600.00,7.20,0.00,0.50,0.00,592.29,Settled,969664,N,-,-,-,-,-,BANK,PAY210310100037489,,,,,Visa,,,00,Approved,3629803
109,none,1615287777962,411111XXXXXX1111,2021/03/09 18:03:10,2021/03/09 18:03:10,THB,90.00,90.00,1.08,0.00,0.07,0.00,88.84,Settled,777057,N,-,-,-,-,-,BANK,PAY210309180225621,,,,,Visa,,,00,Approved,3628570
110,none,1615287712499,411111XXXXXX1111,2021/03/09 18:02:13,2021/03/09 18:02:13,THB,100.00,100.00,1.20,0.00,0.08,0.00,98.71,Settled,524920,N,-,-,-,-,-,BANK,PAY210309180134443,,,,,Visa,,,00,Approved,3628567
111,none,1615285344454,555555XXXXXX4444,2021/03/09 17:22:33,2021/03/09 17:22:33,THB,10.00,10.00,0.12,0.00,0.00,0.00,9.87,Settled,915535,N,-,-,-,-,-,KTC,PAY210309172200708,,,,,MasterCard,,,00,Approved,3628447
112,none,1615279565312,477376XXXXXX0006,2021/03/09 15:46:13,2021/03/09 15:46:13,THB,"10,000.00","10,000.00",180.00,0.00,33.60,0.00,"9,486.40",Settled,332925,Y,0.75,4,Merchant,75.00,300.00,THE SIAM COMMERCIAL BANK PUBLIC COMPANY LTD.,PAY210309154547531,,,,,Visa,,,00,Approved,3628056
113,none,1615279465443,477376XXXXXX0006,2021/03/09 15:44:33,2021/03/09 15:44:33,THB,"10,000.00","10,000.00",180.00,0.00,28.35,0.00,"9,566.65",Settled,456502,Y,0.75,3,Merchant,75.00,225.00,THE SIAM COMMERCIAL BANK PUBLIC COMPANY LTD.,PAY210309154400880,,,,,Visa,,,00,Approved,3628052
114,none,1615279083459,411111XXXXXX1111,2021/03/09 15:38:13,2021/03/09 15:38:13,THB,387.00,387.00,4.64,0.00,0.32,0.00,382.03,Settled,877406,N,-,-,-,-,-,BANK,PAY210309153716120,,,,,Visa,,,00,Approved,3628025
115,none,1615278346718,411111XXXXXX1111,2021/03/09 15:25:58,2021/03/09 15:25:58,THB,"3,000.00","3,000.00",36.00,0.00,2.52,0.00,"2,961.48",Settled,180172,N,-,-,-,-,-,BANK,PAY210309152517938,,,,,Visa,,,00,Approved,3627981
116,none,1615278251148,NA,2021/03/09 15:24:33,2021/03/09 15:24:33,THB,10.00,10.00,0.25,0.00,0.01,0.00,9.73,Settled,444979,N,-,-,-,-,-,,PAY210309152400834,,,,,LINE,,,00,Approved,3627974
117,none,1615277890653,411111XXXXXX1111,2021/03/09 15:18:25,2021/03/09 15:18:25,THB,300.00,300.00,3.60,0.00,0.25,0.00,296.14,Settled,474602,N,-,-,-,-,-,BANK,PAY210309151709372,,,,,Visa,,,00,Approved,3627935
118,none,1615277800412,411111XXXXXX1111,2021/03/09 15:16:50,2021/03/09 15:16:50,THB,100.00,100.00,1.20,0.00,0.08,0.00,98.71,Settled,004825,N,-,-,-,-,-,BANK,PAY210309151620408,,,,,Visa,,,00,Approved,3627929
119,none,1615277084974,411111XXXXXX1111,2021/03/09 15:04:54,2021/03/09 15:04:54,THB,10.00,10.00,0.12,0.00,0.00,0.00,9.87,Settled,334599,N,-,-,-,-,-,BANK,PAY210309150328676,,,,,Visa,,,00,Approved,3627892
120,none,1615270700810,411111XXXXXX1111,2021/03/09 13:18:29,2021/03/09 13:18:29,THB,360.00,360.00,4.32,0.00,0.30,0.00,355.37,Settled,160881,N,-,-,-,-,-,BANK,PAY210309131756449,,,,,Visa,,,00,Approved,3627360
121,,1614828298733,477376XXXXXX0006,2021/03/09 12:35:38,,THB,"10,000.00","10,000.00",0.00,0.00,0.00,0.00,"10,000.00",Refund,,N,-,-,-,-,-,THE SIAM COMMERCIAL BANK PUBLIC COMPANY LTD.,PAY210304102442845,,,,,Visa,,,,,3627222
122,none,1615260216208,411111XXXXXX1111,2021/03/09 10:23:52,2021/03/09 10:23:52,THB,501.00,501.00,6.01,0.00,0.42,0.00,494.56,Settled,964982,N,-,-,-,-,-,BANK,PAY210309102243731,,,,,Visa,,,00,Approved,3626804
123,none,1615189655574,NA,2021/03/08 14:47:56,2021/03/08 14:47:56,THB,16.00,16.00,0.40,0.00,0.02,0.00,15.57,Settled,442545,N,-,-,-,-,-,,PAY210308144724269,,,,,LINE,,,00,Approved,3624986
124,none,1615189595140,477376XXXXXX0006,2021/03/08 14:46:43,2021/03/08 22:25:40,THB,"3,600.00",-,-,-,-,-,-,Voided,832172,Y,0.75,3,Merchant,27.00,81.00,THE SIAM COMMERCIAL BANK PUBLIC COMPANY LTD.,PAY210308144610999,,,,,Visa,,,00,Approved,3624981
125,none,1615189500645,411111XXXXXX1111,2021/03/08 14:45:10,2021/03/08 22:26:04,THB,100.00,-,-,-,-,-,-,Voided,086071,N,-,-,-,-,-,BANK,PAY210308144442485,,,,,Visa,,,00,Approved,3624970
126,none,1615188781124,NA,2021/03/08 14:33:26,2021/03/08 14:33:26,THB,2.00,2.00,0.05,0.00,0.00,0.00,1.94,Settled,442490,N,-,-,-,-,-,,PAY210308143256714,,,,,LINE,,,00,Approved,3624927
127,none,1615188749801,477376XXXXXX0006,2021/03/08 14:32:38,2021/03/08 14:32:38,THB,"10,000.00","10,000.00",180.00,0.00,28.35,0.00,"9,566.65",Settled,946635,Y,0.75,3,Merchant,75.00,225.00,THE SIAM COMMERCIAL BANK PUBLIC COMPANY LTD.,PAY210308143206879,,,,,Visa,,,00,Approved,3624926
128,none,1615188690516,411111XXXXXX1111,2021/03/08 14:31:40,2021/03/08 14:31:40,THB,150.00,150.00,1.80,0.00,0.12,0.00,148.07,Settled,348224,N,-,-,-,-,-,BANK,PAY210308143102870,,,,,Visa,,,00,Approved,3624922
129,none,1615186573105,411111XXXXXX1111,2021/03/08 13:56:25,2021/03/08 13:57:33,THB,133.00,-,-,-,-,-,-,Voided,630923,N,-,-,-,-,-,BANK,PAY210308135553514,,,,,Visa,,,00,Approved,3624827
130,none,1615186507648,411111XXXXXX1111,2021/03/08 13:55:22,2021/03/08 13:56:48,THB,110.00,-,-,-,-,-,-,Voided,031315,N,-,-,-,-,-,BANK,PAY210308135451920,,,,,Visa,,,00,Approved,3624822
131,none,1615185722621,444433XXXXXX1111,2021/03/08 13:42:04,,THB,150.00,-,-,-,-,-,-,Rejected,,N,-,-,-,-,-,Japan Credit Bureau,PAY210308134117498,,,,,Visa,,,05,Do Not Honour,3624753
132,none,1615185559161,411111XXXXXX1111,2021/03/08 13:39:28,2021/03/08 13:39:53,THB,100.00,-,-,-,-,-,-,Voided,194373,N,-,-,-,-,-,BANK,PAY210308133900727,,,,,Visa,,,00,Approved,3624744
133,none,1615185309456,411111XXXXXX1111,2021/03/08 13:40:09,2021/03/08 13:40:09,THB,150.00,150.00,1.80,0.00,0.12,0.00,148.07,Settled,148076,N,-,-,-,-,-,BANK,PAY210308133429619,,,,,Visa,,,00,Approved,3624738
134,none,1615184790900,NA,2021/03/08 13:26:48,2021/03/08 13:37:52,THB,15.00,-,-,-,-,-,-,Voided,442338,N,-,-,-,-,-,,PAY210308132620605,,,,,LINE,,,00,Approved,3624723
135,none,1615184726349,477376XXXXXX0006,2021/03/08 13:25:34,2021/03/08 13:35:13,THB,"35,000.00",-,-,-,-,-,-,Voided,141006,Y,0.75,3,Merchant,262.50,787.50,THE SIAM COMMERCIAL BANK PUBLIC COMPANY LTD.,PAY210308132452785,,,,,Visa,,,00,Approved,3624721
136,none,1615184603910,411111XXXXXX1111,2021/03/08 13:23:32,2021/03/08 13:31:51,THB,200.00,-,-,-,-,-,-,Voided,590705,N,-,-,-,-,-,BANK,PAY210308132200797,,,,,Visa,,,00,Approved,3624716
137,none,1615183830567,477376XXXXXX0006,2021/03/08 13:10:39,2021/03/08 13:10:50,THB,"10,000.00",-,-,-,-,-,-,Voided,572012,Y,0.75,3,Merchant,75.00,225.00,THE SIAM COMMERCIAL BANK PUBLIC COMPANY LTD.,PAY210308131006405,,,,,Visa,,,00,Approved,3624695
138,none,1615183725921,NA,2021/03/08 13:09:09,2021/03/08 13:09:09,THB,10.00,10.00,0.25,0.00,0.01,0.00,9.73,Settled,442315,N,-,-,-,-,-,,PAY210308130834117,,,,,LINE,,,00,Approved,3624692
139,none,1615183574538,NA,2021/03/08 13:06:47,2021/03/08 13:07:39,THB,0.50,-,-,-,-,-,-,Voided,442305,N,-,-,-,-,-,,PAY210308130613644,,,,,LINE,,,00,Approved,3624682
140,none,1615179384947,411111XXXXXX1111,2021/03/08 11:56:32,,THB,100.00,-,-,-,-,-,-,Rejected,,N,-,-,-,-,-,BANK,PAY210308115552234,,,,,Visa,,,81,Unable to authenticate cardholder,3624474
141,none,1615178003892,411111XXXXXX1111,2021/03/08 11:33:32,2021/03/08 11:33:32,THB,10.00,10.00,0.12,0.00,0.00,0.00,9.87,Settled,412380,N,-,-,-,-,-,BANK,PAY210308113233959,,,,,Visa,,,00,Approved,3624391
142,none,1615177767661,NA,2021/03/08 11:30:17,2021/03/08 11:30:17,THB,10.00,10.00,0.25,0.00,0.01,0.00,9.73,Settled,442072,N,-,-,-,-,-,,PAY210308112922197,,,,,LINE,,,00,Approved,3624377
143,none,1615177685233,477376XXXXXX0006,2021/03/08 11:28:13,2021/03/08 11:28:13,THB,"10,000.00","10,000.00",180.00,0.00,28.35,0.00,"9,566.65",Settled,664118,Y,0.75,3,Merchant,75.00,225.00,THE SIAM COMMERCIAL BANK PUBLIC COMPANY LTD.,PAY210308112644565,,,,,Visa,,,00,Approved,3624370
144,none,1615177561265,411111XXXXXX1111,2021/03/08 11:26:09,2021/03/08 11:26:09,THB,500.00,500.00,6.00,0.00,0.42,0.00,493.58,Settled,102872,N,-,-,-,-,-,BANK,PAY210308112534502,,,,,Visa,,,00,Approved,3624359
145,none,1615176583170,477376XXXXXX0006,2021/03/08 11:09:51,2021/03/08 11:09:51,THB,"10,000.00","10,000.00",180.00,0.00,28.35,0.00,"9,566.65",Settled,682111,Y,0.75,3,Merchant,75.00,225.00,THE SIAM COMMERCIAL BANK PUBLIC COMPANY LTD.,PAY210308110914694,,,,,Visa,,,00,Approved,3624315
146,none,1615175499457,411111XXXXXX1111,2021/03/08 10:51:49,2021/03/08 10:53:22,THB,200.00,-,-,-,-,-,-,Voided,544498,N,-,-,-,-,-,BANK,PAY210308105120730,,,,,Visa,,,00,Approved,3624276
147,none,1614848352827,455287XXXXXX0018,2021/03/04 15:59:22,2021/03/04 15:59:22,THB,"10,000.00","10,000.00",120.00,0.00,8.40,0.00,"9,871.60",Settled,465677,N,-,-,-,-,-,BANK OF AYUDHYA PUBLIC COMPANY LTD.,PAY210304155849628,,,,,Visa,,,00,Approved,3618737
148,none,1614845179458,411111XXXXXX1111,2021/03/04 15:06:27,2021/03/04 15:06:27,THB,"2,000.00","2,000.00",24.00,0.00,1.68,0.00,"1,974.32",Settled,197805,N,-,-,-,-,-,BANK,PAY210304150604142,,,,,Visa,,,00,Approved,3618578
149,none,1614845129604,411111XXXXXX1111,2021/03/04 15:05:39,2021/03/04 15:05:39,THB,"2,000.00","2,000.00",24.00,0.00,1.68,0.00,"1,974.32",Settled,197170,N,-,-,-,-,-,BANK,PAY210304150519997,,,,,Visa,,,00,Approved,3618576
150,none,1614845078441,NA,2021/03/04 15:05:08,2021/03/04 15:05:08,THB,30.00,30.00,0.75,0.00,0.05,0.00,29.19,Settled,436933,N,-,-,-,-,-,,PAY210304150433939,,,,,LINE,,,00,Approved,3618571
151,none,1614844966526,411111XXXXXX1111,2021/03/04 15:02:55,2021/03/04 15:02:55,THB,"2,000.00","2,000.00",24.00,0.00,1.68,0.00,"1,974.32",Settled,031197,N,-,-,-,-,-,BANK,PAY210304145747230,,,,,Visa,,,00,Approved,3618564
152,none,1614844938184,477376XXXXXX0006,2021/03/04 15:02:30,2021/03/04 15:02:30,THB,"3,000.00","3,000.00",54.00,0.00,8.50,0.00,"2,869.99",Settled,346003,Y,0.75,3,Merchant,22.50,67.50,THE SIAM COMMERCIAL BANK PUBLIC COMPANY LTD.,PAY210304150159415,,,,,Visa,,,00,Approved,3618562
153,none,1614844306286,411111XXXXXX1111,2021/03/04 14:51:56,2021/03/04 14:51:56,THB,125.00,125.00,1.50,0.00,0.10,0.00,123.39,Settled,501622,N,-,-,-,-,-,BANK,PAY210304145116436,,,,,Visa,,,00,Approved,3618519
154,none,1614828962450,NA,2021/03/04 10:36:23,2021/03/04 10:36:23,THB,10.00,10.00,0.25,0.00,0.01,0.00,9.73,Settled,436204,N,-,-,-,-,-,,PAY210304103558242,,,,,LINE,,,00,Approved,3617690
155,none,1614828916188,NA,2021/03/04 10:35:47,2021/03/04 10:35:47,THB,10.00,10.00,0.25,0.00,0.01,0.00,9.73,Settled,436202,N,-,-,-,-,-,,PAY210304103506278,,,,,LINE,,,00,Approved,3617687
156,none,1614828858943,NA,2021/03/04 10:35:27,2021/03/04 10:35:27,THB,10.00,10.00,0.25,0.00,0.01,0.00,9.73,Settled,436199,N,-,-,-,-,-,,PAY210304103414744,,,,,LINE,,,00,Approved,3617684
157,none,1614828298733,477376XXXXXX0006,2021/03/04 10:25:08,2021/03/04 10:25:08,THB,"10,000.00","10,000.00",180.00,0.00,28.35,0.00,"9,566.65",Settled,302212,Y,0.75,3,Merchant,75.00,225.00,THE SIAM COMMERCIAL BANK PUBLIC COMPANY LTD.,PAY210304102442845,,,,,Visa,,,00,Approved,3617648
158,none,1614828266801,477376XXXXXX0006,2021/03/04 10:24:48,2021/03/04 10:24:48,THB,"10,000.00","10,000.00",180.00,0.00,28.35,0.00,"9,566.65",Settled,670476,Y,0.75,3,Merchant,75.00,225.00,THE SIAM COMMERCIAL BANK PUBLIC COMPANY LTD.,PAY210304102413214,,,,,Visa,,,00,Approved,3617645
159,none,1614828222661,477376XXXXXX0006,2021/03/04 10:23:50,2021/03/04 10:23:50,THB,"10,000.00","10,000.00",180.00,0.00,28.35,0.00,"9,566.65",Settled,803766,Y,0.75,3,Merchant,75.00,225.00,THE SIAM COMMERCIAL BANK PUBLIC COMPANY LTD.,PAY210304102306125,,,,,Visa,,,00,Approved,3617643
160,none,1614828134126,411111XXXXXX1111,2021/03/04 10:22:22,2021/03/04 10:22:22,THB,150.00,150.00,1.80,0.00,0.12,0.00,148.07,Settled,128595,N,-,-,-,-,-,BANK,PAY210304102200378,,,,,Visa,,,00,Approved,3617636
161,none,1614828087739,411111XXXXXX1111,2021/03/04 10:21:36,2021/03/04 10:21:36,THB,150.00,150.00,1.80,0.00,0.12,0.00,148.07,Settled,226112,N,-,-,-,-,-,BANK,PAY210304102105394,,,,,Visa,,,00,Approved,3617634
162,none,1614828027390,411111XXXXXX1111,2021/03/04 10:20:42,2021/03/04 10:20:42,THB,150.00,150.00,1.80,0.00,0.12,0.00,148.07,Settled,186032,N,-,-,-,-,-,BANK,PAY210304101933254,,,,,Visa,,,00,Approved,3617632
163,none,1614824213008,NA,2021/03/04 09:17:19,2021/03/04 09:17:19,THB,10.00,10.00,0.25,0.00,0.01,0.00,9.73,Settled,436041,N,-,-,-,-,-,,PAY210304091648602,,,,,LINE,,,00,Approved,3617504
164,none,1614761764122,411111XXXXXX1111,2021/03/03 15:56:10,2021/03/03 15:56:10,THB,"9,900.00","9,900.00",118.80,0.00,8.31,0.00,"9,772.88",Settled,565681,N,-,-,-,-,-,BANK,PAY210303155451615,,,,,Visa,,,00,Approved,3615705
165,none,1614761193242,411111XXXXXX1111,2021/03/03 15:46:41,2021/03/03 15:46:41,THB,"3,000.00","3,000.00",36.00,0.00,2.52,0.00,"2,961.48",Settled,649112,N,-,-,-,-,-,BANK,PAY210303154619129,,,,,Visa,,,00,Approved,3615658
166,none,1614761140921,411111XXXXXX1111,2021/03/03 15:45:50,2021/03/03 15:45:50,THB,"2,000.00","2,000.00",24.00,0.00,1.68,0.00,"1,974.32",Settled,888277,N,-,-,-,-,-,BANK,PAY210303154450179,,,,,Visa,,,00,Approved,3615651
167,none,1614753314483,477376XXXXXX0006,2021/03/03 13:35:24,2021/03/03 13:35:24,THB,"3,950.00","3,950.00",71.10,0.00,11.19,0.00,"3,778.82",Settled,341266,Y,0.75,3,Merchant,29.63,88.88,THE SIAM COMMERCIAL BANK PUBLIC COMPANY LTD.,PAY210303133255439,,,,,Visa,,,00,Approved,3615125
168,none,1614752984881,NA,2021/03/03 13:30:26,2021/03/03 13:30:26,THB,55.00,55.00,1.37,0.00,0.09,0.00,53.52,Settled,434001,N,-,-,-,-,-,,PAY210303132936859,,,,,LINE,,,00,Approved,3615101
169,none,1614752718182,477376XXXXXX0006,2021/03/03 13:25:27,2021/03/03 13:25:27,THB,"53,340.00","53,340.00",960.12,0.00,151.21,0.00,"51,028.51",Settled,073192,Y,0.75,3,Merchant,400.05,"1,200.15",THE SIAM COMMERCIAL BANK PUBLIC COMPANY LTD.,PAY210303132443317,,,,,Visa,,,00,Approved,3615089
170,none,1614752523973,411111XXXXXX1111,2021/03/03 13:22:15,2021/03/03 13:22:15,THB,108.50,108.50,1.30,0.00,0.09,0.00,107.10,Settled,165344,N,-,-,-,-,-,BANK,PAY210303132044491,,,,,Visa,,,00,Approved,3615074
171,none,1614752275050,411111XXXXXX1111,2021/03/03 13:18:08,2021/03/03 13:18:08,THB,970.00,970.00,11.64,0.00,0.81,0.00,957.54,Settled,307924,N,-,-,-,-,-,BANK,PAY210303131555828,,,,,Visa,,,00,Approved,3615026
172,none,1614749065297,411111XXXXXX1111,2021/03/03 12:24:41,2021/03/03 12:24:41,THB,"1,575.00","1,575.00",18.90,0.00,1.32,0.00,"1,554.77",Settled,057100,N,-,-,-,-,-,BANK,PAY210303122407603,,,,,Visa,,,00,Approved,3614788
173,none,1614740096112,NA,2021/03/03 09:55:47,2021/03/03 09:55:47,THB,20.00,20.00,0.50,0.00,0.03,0.00,19.46,Settled,433091,N,-,-,-,-,-,,PAY210303095443988,,,,,LINE,,,00,Approved,3614122
174,none,1614740041934,477376XXXXXX0006,2021/03/03 09:54:10,2021/03/03 09:54:10,THB,"10,000.00","10,000.00",180.00,0.00,28.35,0.00,"9,566.65",Settled,668380,Y,0.75,3,Merchant,75.00,225.00,THE SIAM COMMERCIAL BANK PUBLIC COMPANY LTD.,PAY210303095337170,,,,,Visa,,,00,Approved,3614116
175,none,1614739288449,411111XXXXXX1111,2021/03/03 09:41:39,2021/03/03 09:41:39,THB,150.00,150.00,1.80,0.00,0.12,0.00,148.07,Settled,633701,N,-,-,-,-,-,BANK,PAY210303094053890,,,,,Visa,,,00,Approved,3614078
176,none,1614685382155,411111XXXXXX1111,2021/03/02 18:43:12,2021/03/02 18:43:12,THB,45.00,45.00,0.54,0.00,0.03,0.00,44.42,Settled,629549,N,-,-,-,-,-,BANK,PAY210302184248883,,,,,Visa,,,00,Approved,3612633
177,none,1614673995918,NA,2021/03/02 15:33:46,2021/03/02 15:33:46,THB,20.00,20.00,0.50,0.00,0.03,0.00,19.46,Settled,430957,N,-,-,-,-,-,,PAY210302153311481,,,,,LINE,,,00,Approved,3611829
178,none,1614673935395,NA,2021/03/02 15:32:51,2021/03/02 15:32:51,THB,20.00,20.00,0.50,0.00,0.03,0.00,19.46,Settled,430955,N,-,-,-,-,-,,PAY210302153209349,,,,,LINE,,,00,Approved,3611827
179,none,1614673865443,477376XXXXXX0006,2021/03/02 15:31:16,2021/03/02 15:31:16,THB,"10,000.00","10,000.00",180.00,0.00,28.35,0.00,"9,566.65",Settled,070153,Y,0.75,3,Merchant,75.00,225.00,THE SIAM COMMERCIAL BANK PUBLIC COMPANY LTD.,PAY210302153052367,,,,,Visa,,,00,Approved,3611823
180,none,1614673814336,477376XXXXXX0006,2021/03/02 15:30:23,2021/03/02 15:30:23,THB,"10,000.00","10,000.00",180.00,0.00,28.35,0.00,"9,566.65",Settled,434691,Y,0.75,3,Merchant,75.00,225.00,THE SIAM COMMERCIAL BANK PUBLIC COMPANY LTD.,PAY210302152952262,,,,,Visa,,,00,Approved,3611819
181,none,1614673714283,411111XXXXXX1111,2021/03/02 15:28:44,2021/03/02 15:28:44,THB,150.00,150.00,1.80,0.00,0.12,0.00,148.07,Settled,687391,N,-,-,-,-,-,BANK,PAY210302152823505,,,,,Visa,,,00,Approved,3611806
182,none,1614673662825,411111XXXXXX1111,2021/03/02 15:27:53,2021/03/02 15:27:53,THB,150.00,150.00,1.80,0.00,0.12,0.00,148.07,Settled,424906,N,-,-,-,-,-,BANK,PAY210302152705748,,,,,Visa,,,00,Approved,3611801
183,none,1614666586678,477376XXXXXX0006,2021/03/02 13:29:58,2021/03/02 13:29:58,THB,"3,057.00","3,057.00",55.02,0.00,8.66,0.00,"2,924.52",Settled,327018,Y,0.75,3,Merchant,22.93,68.78,THE SIAM COMMERCIAL BANK PUBLIC COMPANY LTD.,PAY210302132912253,,,,,Visa,,,00,Approved,3611324
184,none,1614665440573,NA,2021/03/02 13:11:22,2021/03/02 13:11:22,THB,20.00,20.00,0.50,0.00,0.03,0.00,19.46,Settled,430432,N,-,-,-,-,-,,PAY210302131026731,,,,,LINE,,,00,Approved,3611212
185,none,1614665403832,477376XXXXXX0006,2021/03/02 13:10:31,2021/03/02 13:10:31,THB,"10,000.00","10,000.00",180.00,0.00,28.35,0.00,"9,566.65",Settled,487010,Y,0.75,3,Merchant,75.00,225.00,THE SIAM COMMERCIAL BANK PUBLIC COMPANY LTD.,PAY210302130921718,,,,,Visa,,,00,Approved,3611206
186,none,1614665329775,411111XXXXXX1111,2021/03/02 13:08:59,2021/03/02 13:08:59,THB,100.00,100.00,1.20,0.00,0.08,0.00,98.71,Settled,570762,N,-,-,-,-,-,BANK,PAY210302130816863,,,,,Visa,,,00,Approved,3611190
187,none,1614660518248,444433XXXXXX1111,2021/03/02 11:48:40,,THB,189.00,-,-,-,-,-,-,Rejected,,N,-,-,-,-,-,Japan Credit Bureau,PAY210301112219368,,,,,Visa,,,05,Do Not Honour,3610936
188,none,1614659813663,477376XXXXXX0006,2021/03/02 11:37:09,2021/03/02 11:37:09,THB,"3,500.00","3,500.00",63.00,0.00,9.92,0.00,"3,348.32",Settled,873620,Y,0.75,3,Merchant,26.25,78.75,THE SIAM COMMERCIAL BANK PUBLIC COMPANY LTD.,PAY210302113058742,,,,,Visa,,,00,Approved,3610907
189,none,1614659519932,NA,2021/03/02 11:32:46,2021/03/02 11:32:46,THB,20.00,20.00,0.50,0.00,0.03,0.00,19.46,Settled,430169,N,-,-,-,-,-,,PAY210302113148235,,,,,LINE,,,00,Approved,3610900
190,none,1614659489787,NA,2021/03/02 11:32:18,2021/03/02 11:32:18,THB,10.00,10.00,0.25,0.00,0.01,0.00,9.73,Settled,430166,N,-,-,-,-,-,,PAY210302113103184,,,,,LINE,,,00,Approved,3610896
191,none,1614659450397,477376XXXXXX0006,2021/03/02 11:30:58,2021/03/02 11:30:58,THB,"10,000.00","10,000.00",180.00,0.00,28.35,0.00,"9,566.65",Settled,548841,Y,0.75,3,Merchant,75.00,225.00,THE SIAM COMMERCIAL BANK PUBLIC COMPANY LTD.,PAY210302112917756,,,,,Visa,,,00,Approved,3610893
192,none,1614659281118,477376XXXXXX0006,2021/03/02 11:28:10,2021/03/02 11:28:10,THB,"7,000.00","7,000.00",126.00,0.00,19.84,0.00,"6,696.65",Settled,022945,Y,0.75,3,Merchant,52.50,157.50,THE SIAM COMMERCIAL BANK PUBLIC COMPANY LTD.,PAY210302112744362,,,,,Visa,,,00,Approved,3610880
193,none,1614659253307,411111XXXXXX1111,2021/03/02 11:27:42,2021/03/02 11:27:42,THB,400.00,400.00,4.80,0.00,0.33,0.00,394.86,Settled,863321,N,-,-,-,-,-,BANK,PAY210302112722684,,,,,Visa,,,00,Approved,3610877
194,none,1614659212591,411111XXXXXX1111,2021/03/02 11:27:00,2021/03/02 11:27:00,THB,150.00,150.00,1.80,0.00,0.12,0.00,148.07,Settled,181219,N,-,-,-,-,-,BANK,PAY210302112633284,,,,,Visa,,,00,Approved,3610874
195,none,1614659181812,411111XXXXXX1111,2021/03/02 11:26:29,2021/03/02 11:26:29,THB,300.00,300.00,3.60,0.00,0.25,0.00,296.14,Settled,547166,N,-,-,-,-,-,BANK,PAY210302112609857,,,,,Visa,,,00,Approved,3610872
196,none,1614658980825,411111XXXXXX1111,2021/03/02 11:23:09,2021/03/02 11:23:09,THB,200.00,200.00,2.40,0.00,0.16,0.00,197.43,Settled,003374,N,-,-,-,-,-,BANK,PAY210302112246114,,,,,Visa,,,00,Approved,3610863
197,none,1614658522689,411111XXXXXX1111,2021/03/02 11:15:31,2021/03/02 11:15:31,THB,100.00,100.00,1.20,0.00,0.08,0.00,98.71,Settled,976120,N,-,-,-,-,-,BANK,PAY210302111426559,,,,,Visa,,,00,Approved,3610837
198,none,1614593802981,477376XXXXXX0006,2021/03/01 17:16:49,,THB,"12,315.00",-,-,-,-,-,-,Rejected,,Y,0.75,4,Merchant,92.36,369.45,THE SIAM COMMERCIAL BANK PUBLIC COMPANY LTD.,PAY210301171400762,,,,,Visa,,,81,Unable to authenticate cardholder,3608528
199,none,1614593381480,477376XXXXXX0006,2021/03/01 17:09:59,2021/03/01 17:09:59,THB,"12,000.00","12,000.00",216.00,0.00,40.32,0.00,"11,383.68",Settled,607618,Y,0.75,4,Merchant,90.00,360.00,THE SIAM COMMERCIAL BANK PUBLIC COMPANY LTD.,PAY210301170632739,,,,,Visa,,,00,Approved,3608507
200,none,1614592665392,477376XXXXXX0006,2021/03/01 16:57:57,2021/03/01 17:00:31,THB,"25,000.00",-,-,-,-,-,-,Voided,352983,Y,0.75,3,Merchant,187.50,562.50,THE SIAM COMMERCIAL BANK PUBLIC COMPANY LTD.,PAY210301165303695,,,,,Visa,,,00,Approved,3608474
201,none,1614573783210,411111XXXXXX1111,2021/03/01 11:43:14,2021/03/01 11:43:14,THB,40.00,40.00,0.48,0.00,0.03,0.00,39.48,Settled,051341,N,-,-,-,-,-,BANK,PAY210301114240978,,,,,Visa,,,00,Approved,3607150
202,none,1614573606110,411111XXXXXX1111,2021/03/01 11:40:19,,THB,45.00,-,-,-,-,-,-,Rejected,,N,-,-,-,-,-,BANK,PAY210301113638865,,,,,Visa,,,81,Unable to authenticate cardholder,3607141
203,none,1614572974805,444433XXXXXX1111,2021/03/01 11:29:37,,THB,110.00,-,-,-,-,-,-,Rejected,,N,-,-,-,-,-,Japan Credit Bureau,PAY210301112351561,,,,,Visa,,,05,Do Not Honour,3607102
204,none,1614567041156,NA,2021/03/01 09:51:04,2021/03/01 09:51:04,THB,20.00,20.00,0.50,0.00,0.03,0.00,19.46,Settled,426521,N,-,-,-,-,-,,PAY210301095030594,,,,,LINE,,,00,Approved,3606669
205,none,1614566984566,NA,2021/03/01 09:50:07,2021/03/01 09:50:07,THB,20.00,20.00,0.50,0.00,0.03,0.00,19.46,Settled,426519,N,-,-,-,-,-,,PAY210301094935513,,,,,LINE,,,00,Approved,3606666
206,none,1614566924327,NA,2021/03/01 09:49:07,2021/03/01 09:49:07,THB,20.00,20.00,0.50,0.00,0.03,0.00,19.46,Settled,426516,N,-,-,-,-,-,,PAY210301094835677,,,,,LINE,,,00,Approved,3606663
207,none,1614566083964,NA,2021/03/01 09:35:25,2021/03/01 09:35:25,THB,20.00,20.00,0.50,0.00,0.03,0.00,19.46,Settled,426492,N,-,-,-,-,-,,PAY210301093434789,,,,,LINE,,,00,Approved,3606634
208,none,1614565756844,477376XXXXXX0006,2021/03/01 09:29:24,2021/03/01 09:29:24,THB,"40,000.00","40,000.00",720.00,0.00,113.40,0.00,"38,266.60",Settled,440371,Y,0.75,3,Merchant,300.00,900.00,THE SIAM COMMERCIAL BANK PUBLIC COMPANY LTD.,PAY210301092858365,,,,,Visa,,,00,Approved,3606623
209,none,1614565689791,477376XXXXXX0006,2021/03/01 09:28:25,2021/03/01 09:28:25,THB,"30,000.00","30,000.00",540.00,0.00,85.05,0.00,"28,699.95",Settled,918295,Y,0.75,3,Merchant,225.00,675.00,THE SIAM COMMERCIAL BANK PUBLIC COMPANY LTD.,PAY210301092751402,,,,,Visa,,,00,Approved,3606621
210,none,1614565561442,477376XXXXXX0006,2021/03/01 09:26:10,2021/03/01 09:26:10,THB,"20,000.00","20,000.00",360.00,0.00,56.70,0.00,"19,133.30",Settled,873776,Y,0.75,3,Merchant,150.00,450.00,THE SIAM COMMERCIAL BANK PUBLIC COMPANY LTD.,PAY210301092517274,,,,,Visa,,,00,Approved,3606616
211,none,1614565477757,411111XXXXXX1111,2021/03/01 09:24:53,2021/03/01 09:24:53,THB,300.00,300.00,3.60,0.00,0.25,0.00,296.14,Settled,821420,N,-,-,-,-,-,BANK,PAY210301092407603,,,,,Visa,,,00,Approved,3606612
212,none,1614565364405,477376XXXXXX0006,2021/03/01 09:22:52,2021/03/01 09:22:52,THB,"10,000.00","10,000.00",180.00,0.00,28.35,0.00,"9,566.65",Settled,323537,Y,0.75,3,Merchant,75.00,225.00,THE SIAM COMMERCIAL BANK PUBLIC COMPANY LTD.,PAY210301092135727,,,,,Visa,,,00,Approved,3606607
213,none,1614565195808,411111XXXXXX1111,2021/03/01 09:20:07,2021/03/01 09:20:07,THB,400.00,400.00,4.80,0.00,0.33,0.00,394.86,Settled,934038,N,-,-,-,-,-,BANK,PAY210301091940315,,,,,Visa,,,00,Approved,3606602
214,none,1614565080869,411111XXXXXX1111,2021/03/01 09:18:11,2021/03/01 09:18:11,THB,200.00,200.00,2.40,0.00,0.16,0.00,197.43,Settled,061076,N,-,-,-,-,-,BANK,PAY210301091736265,,,,,Visa,,,00,Approved,3606599
215,none,1614564920928,411111XXXXXX1111,2021/03/01 09:15:30,2021/03/01 09:15:30,THB,100.00,100.00,1.20,0.00,0.08,0.00,98.71,Settled,923521,N,-,-,-,-,-,BANK,PAY210301090915433,,,,,Visa,,,00,Approved,3606595
216,none,1614251719872,411111XXXXXX1111,2021/02/25 18:15:30,2021/02/25 18:15:30,THB,150.00,150.00,1.80,0.00,0.12,0.00,148.07,Settled,057201,N,-,-,-,-,-,BANK,PAY210225181503820,,,,,Visa,,,00,Approved,3599317
217,none,1614251611038,411111XXXXXX1111,2021/02/25 18:13:53,2021/02/25 18:13:53,THB,150.00,150.00,1.80,0.00,0.12,0.00,148.07,Settled,049248,N,-,-,-,-,-,BANK,PAY210225181316254,,,,,Visa,,,00,Approved,3599310
218,none,1614251576673,411111XXXXXX1111,2021/02/25 18:13:06,2021/02/25 18:13:06,THB,150.00,150.00,1.80,0.00,0.12,0.00,148.07,Settled,470624,N,-,-,-,-,-,BANK,PAY210225181236428,,,,,Visa,,,00,Approved,3599308
219,none,1614251575478,NA,2021/02/25 18:13:14,2021/02/25 18:13:14,THB,20.00,20.00,0.50,0.00,0.03,0.00,19.46,Settled,419989,N,-,-,-,-,-,,PAY210225181247475,,,,,LINE,,,00,Approved,3599307
220,none,1614251535111,411111XXXXXX1111,2021/02/25 18:12:25,2021/02/25 18:12:25,THB,150.00,150.00,1.80,0.00,0.12,0.00,148.07,Settled,767746,N,-,-,-,-,-,BANK,PAY210225181148796,,,,,Visa,,,00,Approved,3599306
221,none,1614251516007,477376XXXXXX0006,2021/02/25 18:12:06,2021/02/25 18:12:06,THB,"10,000.00","10,000.00",180.00,0.00,28.35,0.00,"9,566.65",Settled,742417,Y,0.75,3,Merchant,75.00,225.00,THE SIAM COMMERCIAL BANK PUBLIC COMPANY LTD.,PAY210225181129241,,,,,Visa,,,00,Approved,3599304
222,none,1614229758886,477376XXXXXX0006,2021/02/25 12:09:29,2021/02/25 12:09:29,THB,"1,000.00","1,000.00",12.00,0.00,0.84,0.00,987.16,Settled,091098,N,-,-,-,-,-,THE SIAM COMMERCIAL BANK PUBLIC COMPANY LTD.,PAY210225120855829,,,,,Visa,,,00,Approved,3597478
223,none,1614157564995,411111XXXXXX1111,2021/02/24 16:06:12,2021/02/24 16:06:12,THB,"1,200.00","1,200.00",14.40,0.00,1.00,0.00,"1,184.59",Settled,372895,N,-,-,-,-,-,BANK,PAY210224160540715,,,,,Visa,,,00,Approved,3594675
224,none,1614157369136,411111XXXXXX1111,2021/02/24 16:02:59,2021/02/24 16:02:59,THB,"10,000.00","10,000.00",120.00,0.00,8.40,0.00,"9,871.60",Settled,785605,N,-,-,-,-,-,BANK,PAY210224160231400,,,,,Visa,,,00,Approved,3594653
225,none,1614157226100,411111XXXXXX1111,2021/02/24 16:00:44,2021/02/24 16:00:44,THB,990.00,990.00,11.88,0.00,0.83,0.00,977.28,Settled,744388,N,-,-,-,-,-,BANK,PAY210224160010776,,,,,Visa,,,00,Approved,3594642
226,none,1614157224555,411111XXXXXX1111,2021/02/24 16:00:45,2021/02/24 16:00:45,THB,150.00,150.00,1.80,0.00,0.12,0.00,148.07,Settled,099971,N,-,-,-,-,-,BANK,PAY210224160004685,,,,,Visa,,,00,Approved,3594641
227,none,1614157077665,411111XXXXXX1111,2021/02/24 15:58:06,2021/02/24 15:58:06,THB,150.00,150.00,1.80,0.00,0.12,0.00,148.07,Settled,830516,N,-,-,-,-,-,BANK,PAY210224155723815,,,,,Visa,,,00,Approved,3594629
228,none,1614156939266,477376XXXXXX0006,2021/02/24 15:55:47,2021/02/24 15:55:47,THB,"14,000.00","14,000.00",252.00,0.00,47.04,0.00,"13,280.96",Settled,391208,Y,0.75,4,Merchant,105.00,420.00,THE SIAM COMMERCIAL BANK PUBLIC COMPANY LTD.,PAY210224155452459,,,,,Visa,,,00,Approved,3594614
229,none,1614156923477,411111XXXXXX1111,2021/02/24 15:55:36,2021/02/24 15:55:36,THB,150.00,150.00,1.80,0.00,0.12,0.00,148.07,Settled,604772,N,-,-,-,-,-,BANK,PAY210224155457134,,,,,Visa,,,00,Approved,3594612
230,none,1614156916319,477376XXXXXX0006,2021/02/24 15:55:32,2021/02/24 15:55:32,THB,"10,000.00","10,000.00",180.00,0.00,28.35,0.00,"9,566.65",Settled,046363,Y,0.75,3,Merchant,75.00,225.00,THE SIAM COMMERCIAL BANK PUBLIC COMPANY LTD.,PAY210224155332608,,,,,Visa,,,00,Approved,3594610
231,none,1614156806703,411111XXXXXX1111,2021/02/24 15:53:35,2021/02/24 15:53:35,THB,100.00,100.00,1.20,0.00,0.08,0.00,98.71,Settled,570372,N,-,-,-,-,-,BANK,PAY210224155248140,,,,,Visa,,,00,Approved,3594600
232,none,1614156615365,NA,2021/02/24 15:50:42,2021/02/24 15:50:42,THB,2.00,2.00,0.05,0.00,0.00,0.00,1.94,Settled,416677,N,-,-,-,-,-,,PAY210224155005123,,,,,LINE,,,00,Approved,3594583
233,none,1614155636622,NA,2021/02/24 15:34:38,2021/02/24 15:34:38,THB,15.00,15.00,0.37,0.00,0.02,0.00,14.59,Settled,416619,N,-,-,-,-,-,,PAY210224153348878,,,,,LINE,,,00,Approved,3594514
234,none,1614154307524,411111XXXXXX1111,2021/02/24 15:18:17,2021/02/24 15:18:17,THB,100.00,100.00,1.20,0.00,0.08,0.00,98.71,Settled,143940,N,-,-,-,-,-,BANK,PAY210224151049713,,,,,Visa,,,00,Approved,3594413
235,none,1614068921731,477376XXXXXX0006,2021/02/23 15:28:51,2021/02/23 15:28:51,THB,"20,000.00","20,000.00",360.00,0.00,56.70,0.00,"19,133.30",Settled,770693,Y,0.75,3,Merchant,150.00,450.00,THE SIAM COMMERCIAL BANK PUBLIC COMPANY LTD.,PAY210223152823447,,,,,Visa,,,00,Approved,3590901
236,none,1614068871708,477376XXXXXX0006,2021/02/23 15:28:01,2021/02/23 15:28:01,THB,"10,000.00","10,000.00",180.00,0.00,28.35,0.00,"9,566.65",Settled,546454,Y,0.75,3,Merchant,75.00,225.00,THE SIAM COMMERCIAL BANK PUBLIC COMPANY LTD.,PAY210223152725871,,,,,Visa,,,00,Approved,3590899
237,none,1614068750333,477376XXXXXX0006,2021/02/23 15:26:04,2021/02/23 15:26:04,THB,"10,000.00","10,000.00",180.00,0.00,28.35,0.00,"9,566.65",Settled,854426,Y,0.75,3,Merchant,75.00,225.00,THE SIAM COMMERCIAL BANK PUBLIC COMPANY LTD.,PAY210223152517788,,,,,Visa,,,00,Approved,3590891
238,none,1614068598666,NA,2021/02/23 15:23:39,2021/02/23 15:23:39,THB,3.00,3.00,0.07,0.00,0.00,0.00,2.91,Settled,413670,N,-,-,-,-,-,,PAY210223152303544,,,,,LINE,,,00,Approved,3590882
239,none,1614068534294,NA,2021/02/23 15:22:48,2021/02/23 15:22:48,THB,2.00,2.00,0.05,0.00,0.00,0.00,1.94,Settled,413665,N,-,-,-,-,-,,PAY210223152204540,,,,,LINE,,,00,Approved,3590877
240,none,1614068105087,411111XXXXXX1111,2021/02/23 15:15:16,2021/02/23 15:15:16,THB,150.00,150.00,1.80,0.00,0.12,0.00,148.07,Settled,498434,N,-,-,-,-,-,BANK,PAY210223151443242,,,,,Visa,,,00,Approved,3590850
241,none,1614068035472,411111XXXXXX1111,2021/02/23 15:14:04,2021/02/23 15:14:04,THB,150.00,150.00,1.80,0.00,0.12,0.00,148.07,Settled,467971,N,-,-,-,-,-,BANK,PAY210223151214370,,,,,Visa,,,00,Approved,3590847
242,none,1614050912222,411111XXXXXX1111,2021/02/23 10:28:39,2021/02/23 10:28:39,THB,"7,900.00","7,900.00",94.80,0.00,6.63,0.00,"7,798.56",Settled,962481,N,-,-,-,-,-,BANK,PAY210223102653879,,,,,Visa,,,00,Approved,3589696
243,none,1613980278800,411111XXXXXX1111,2021/02/22 14:51:26,,THB,100.00,-,-,-,-,-,-,Rejected,,N,-,-,-,-,-,BANK,PAY210222144929352,,,,,Visa,,,81,Unable to authenticate cardholder,3587607
244,none,1613979771362,NA,2021/02/22 14:46:47,2021/02/22 14:46:47,THB,100.00,100.00,2.50,0.00,0.17,0.00,97.32,Settled,410964,N,-,-,-,-,-,,PAY210222144243355,,,,,LINE,,,00,Approved,3587571
245,none,1613979071994,477376XXXXXX0006,2021/02/22 14:31:16,,THB,"10,000.00",-,-,-,-,-,-,Rejected,,Y,0.75,3,Merchant,75.00,225.00,THE SIAM COMMERCIAL BANK PUBLIC COMPANY LTD.,PAY210222143053588,,,,,Visa,,,81,Unable to authenticate cardholder,3587521
246,none,1613978971951,477376XXXXXX0006,2021/02/22 14:29:37,,THB,"10,000.00",-,-,-,-,-,-,Rejected,,Y,0.75,4,Merchant,75.00,300.00,THE SIAM COMMERCIAL BANK PUBLIC COMPANY LTD.,PAY210222141935548,,,,,Visa,,,81,Unable to authenticate cardholder,3587518
247,none,1613978715351,477376XXXXXX0006,2021/02/22 14:25:30,2021/02/22 14:25:30,THB,"200,000.00","200,000.00","3,600.00",0.00,567.00,0.00,"191,333.00",Settled,392665,Y,0.75,3,Merchant,"1,500.00","4,500.00",THE SIAM COMMERCIAL BANK PUBLIC COMPANY LTD.,PAY210222142429772,,,,,Visa,,,00,Approved,3587501
248,none,1613977247510,477376XXXXXX0006,2021/02/22 14:00:57,2021/02/22 14:00:57,THB,"50,000.00","50,000.00",900.00,0.00,168.00,0.00,"47,432.00",Settled,441382,Y,0.75,4,Merchant,375.00,"1,500.00",THE SIAM COMMERCIAL BANK PUBLIC COMPANY LTD.,PAY210222135948113,,,,,Visa,,,00,Approved,3587430
249,none,1613975303261,NA,2021/02/22 13:30:15,2021/02/22 13:30:15,THB,2.00,2.00,0.05,0.00,0.00,0.00,1.94,Settled,410772,N,-,-,-,-,-,,PAY210222132813460,,,,,LINE,,,00,Approved,3587331
250,none,1613974765185,411111XXXXXX1111,2021/02/22 13:19:42,2021/02/22 13:19:42,THB,150.00,150.00,1.80,0.00,0.12,0.00,148.07,Settled,809538,N,-,-,-,-,-,BANK,PAY210222131759945,,,,,Visa,,,00,Approved,3587314
251,none,1613966508116,411111XXXXXX1111,2021/02/22 11:01:57,2021/02/22 11:01:57,THB,150.00,150.00,1.80,0.00,0.12,0.00,148.07,Settled,033776,N,-,-,-,-,-,BANK,PAY210222110123214,,,,,Visa,,,00,Approved,3586988
252,none,1613966377914,411111XXXXXX1111,2021/02/22 11:00:07,2021/02/22 11:00:07,THB,150.00,150.00,1.80,0.00,0.12,0.00,148.07,Settled,995086,N,-,-,-,-,-,BANK,PAY210222105833146,,,,,Visa,,,00,Approved,3586979
253,none,1613964585906,477376XXXXXX0006,2021/02/22 10:29:54,2021/02/22 10:29:54,THB,"12,000.00","12,000.00",216.00,0.00,34.02,0.00,"11,479.98",Settled,778312,Y,0.75,3,Merchant,90.00,270.00,THE SIAM COMMERCIAL BANK PUBLIC COMPANY LTD.,PAY210222102929443,,,,,Visa,,,00,Approved,3586914
254,none,1613964465584,477376XXXXXX0006,2021/02/22 10:27:53,2021/02/22 10:27:53,THB,"10,000.00","10,000.00",180.00,0.00,28.35,0.00,"9,566.65",Settled,242261,Y,0.75,3,Merchant,75.00,225.00,THE SIAM COMMERCIAL BANK PUBLIC COMPANY LTD.,PAY210222102452715,,,,,Visa,,,00,Approved,3586911
255,none,1613962972833,NA,2021/02/22 10:03:16,2021/02/22 10:03:16,THB,25.00,25.00,0.62,0.00,0.04,0.00,24.33,Settled,410351,N,-,-,-,-,-,,PAY210222100247661,,,,,LINE,,,00,Approved,3586856
256,none,1613962806972,411111XXXXXX1111,2021/02/22 10:00:15,2021/02/22 10:00:15,THB,100.00,100.00,1.20,0.00,0.08,0.00,98.71,Settled,126976,N,-,-,-,-,-,BANK,PAY210222095941412,,,,,Visa,,,00,Approved,3586850
257,none,1613731216230,NA,2021/02/19 17:40:42,2021/02/19 17:40:42,THB,0.25,0.25,0.00,0.00,0.00,0.00,0.24,Settled,408579,N,-,-,-,-,-,,PAY210219174011336,,,,,LINE,,,00,Approved,3584187
258,none,1613728255365,411111XXXXXX1111,2021/02/19 16:51:03,2021/02/19 16:51:03,THB,100.00,100.00,1.20,0.00,0.08,0.00,98.71,Settled,715557,N,-,-,-,-,-,BANK,PAY210219165044725,,,,,Visa,,,00,Approved,3584049
259,none,1613728140691,NA,2021/02/19 16:49:45,2021/02/19 17:06:53,THB,10.00,-,-,-,-,-,-,Voided,408456,N,-,-,-,-,-,,PAY210219164330505,,,,,LINE,,,00,Approved,3584041
260,none,1613710194460,411111XXXXXX1111,2021/02/19 11:50:06,,THB,100.00,-,-,-,-,-,-,Rejected,,N,-,-,-,-,-,BANK,PAY210219113545555,,,,,Visa,,,81,Unable to authenticate cardholder,3583064
261,none,1613707803121,411111XXXXXX1111,2021/02/19 11:10:14,2021/02/19 11:10:14,THB,100.00,100.00,1.20,0.00,0.08,0.00,98.71,Settled,110201,N,-,-,-,-,-,BANK,PAY210219110911446,,,,,Visa,,,00,Approved,3582929
262,none,1613620223186,411111XXXXXX1111,2021/02/18 10:50:31,2021/02/18 10:50:31,THB,100.00,100.00,1.20,0.00,0.08,0.00,98.71,Settled,880859,N,-,-,-,-,-,BANK,PAY210218105009869,,,,,Visa,,,00,Approved,3579971
263,none,1613620128670,411111XXXXXX1111,2021/02/18 10:48:58,2021/02/18 10:48:58,THB,400.00,400.00,4.80,0.00,0.33,0.00,394.86,Settled,148850,N,-,-,-,-,-,BANK,PAY210218104833811,,,,,Visa,,,00,Approved,3579965
264,none,1613564919931,411111XXXXXX1111,2021/02/17 19:28:49,2021/02/17 19:28:49,THB,5.00,5.00,0.06,0.00,0.00,0.00,4.93,Settled,204609,N,-,-,-,-,-,BANK,PAY210216123300836,,,,,Visa,,,00,Approved,3578944
265,none,1613542736101,411111XXXXXX1111,2021/02/17 13:19:11,2021/02/17 13:19:11,THB,500.00,500.00,6.00,0.00,0.42,0.00,493.58,Settled,335697,N,-,-,-,-,-,BANK,PAY210217131802647,,,,,Visa,,,00,Approved,3577809
266,none,1613480642931,411111XXXXXX1111,2021/02/16 20:04:39,2021/02/16 20:04:39,THB,10.00,10.00,0.12,0.00,0.00,0.00,9.87,Settled,372971,N,-,-,-,-,-,BANK,PAY210216200041119,,,,,Visa,,,00,Approved,3576448
267,none,1613458214569,411111XXXXXX1111,2021/02/16 13:50:23,2021/02/16 13:50:23,THB,18.00,18.00,0.21,0.00,0.01,0.00,17.76,Settled,663687,N,-,-,-,-,-,BANK,PAY210216113755470,,,,,Visa,,,00,Approved,3575365
268,none,1613123721844,411111XXXXXX1111,2021/02/12 16:55:31,2021/02/12 16:55:31,THB,10.00,10.00,0.12,0.00,0.00,0.00,9.87,Settled,718657,N,-,-,-,-,-,BANK,PAY210210104935270,,,,,Visa,,,00,Approved,3569869
269,none,1613123596724,411111XXXXXX1111,2021/02/12 16:53:26,2021/02/12 16:53:26,THB,10.00,10.00,0.12,0.00,0.00,0.00,9.87,Settled,073429,N,-,-,-,-,-,BANK,PAY210210104935270,,,,,Visa,,,00,Approved,3569866
